                  epoch,         train/box_loss,         train/cls_loss,         train/dfl_loss,   metrics/precision(B),      metrics/recall(B),       metrics/mAP50(B),    metrics/mAP50-95(B),           val/box_loss,           val/cls_loss,           val/dfl_loss,                 lr/pg0,                 lr/pg1,                 lr/pg2
                      1,                0.81647,                 1.7822,                  1.136,                 0.5616,                0.63174,                0.67084,                0.48603,                0.85379,                 2.2602,                  1.193,             0.00054518,             0.00054518,             0.00054518
                      2,                0.88584,                 1.2793,                 1.1683,                0.33845,                0.43688,                0.27204,                0.16927,                 1.2333,                 2.4087,                 1.4764,              0.0010957,              0.0010957,              0.0010957
                      3,                 1.0094,                 1.3547,                 1.2453,                0.24348,                 0.3714,                0.18544,                0.10028,                 1.5095,                 2.8323,                 1.9218,              0.0016409,              0.0016409,              0.0016409
                      4,                 1.0486,                 1.3641,                 1.2743,                0.51912,                0.43869,                0.46205,                0.32354,                 1.0978,                 2.1078,                 1.3615,              0.0016434,              0.0016434,              0.0016434
                      5,                 1.0144,                 1.2933,                 1.2428,                0.53563,                0.53697,                0.54731,                0.36046,                 1.1048,                 1.5101,                 1.3474,              0.0016356,              0.0016356,              0.0016356
                      6,                0.96916,                  1.164,                 1.2144,                 0.6454,                 0.5582,                0.61989,                 0.4449,                 1.0513,                 1.5737,                 1.3317,              0.0016277,              0.0016277,              0.0016277
                      7,                0.94745,                 1.1649,                 1.2038,                0.59713,                0.56678,                0.60748,                 0.4422,                 0.9436,                  1.544,                 1.2423,              0.0016198,              0.0016198,              0.0016198
                      8,                 0.9383,                 1.1436,                 1.2009,                0.67614,                0.57602,                0.65025,                 0.4749,                0.94563,                  1.372,                 1.2765,               0.001612,               0.001612,               0.001612
                      9,                0.90314,                 1.0869,                 1.1765,                0.75651,                0.72911,                 0.7853,                0.59139,                0.85028,                0.99712,                 1.1654,              0.0016041,              0.0016041,              0.0016041
                     10,                0.89112,                 1.0342,                 1.1773,                0.69043,                0.67207,                 0.7212,                0.53452,                0.87677,                  1.103,                 1.1941,              0.0015963,              0.0015963,              0.0015963
                     11,                0.85893,                 1.0181,                 1.1583,                0.70641,                0.70124,                0.76568,                0.54577,                0.86781,                 1.1066,                 1.1654,              0.0015884,              0.0015884,              0.0015884
                     12,                0.83213,                0.99282,                 1.1391,                0.80089,                0.76506,                0.83148,                0.63239,                0.80189,                0.94652,                 1.1154,              0.0015806,              0.0015806,              0.0015806
                     13,                0.85167,                0.99478,                 1.1542,                0.65295,                0.74661,                0.69583,                0.52804,                 0.8068,                 1.0515,                 1.1332,              0.0015727,              0.0015727,              0.0015727
                     14,                0.83014,                0.96358,                 1.1504,                0.70994,                0.69248,                0.73852,                0.56788,                0.80424,                 1.1153,                 1.1383,              0.0015648,              0.0015648,              0.0015648
                     15,                0.81142,                0.93094,                 1.1186,                0.74833,                0.74644,                0.79544,                0.61303,                0.81239,                0.91827,                 1.1047,               0.001557,               0.001557,               0.001557
                     16,                0.81321,                0.89689,                 1.1117,                0.77149,                 0.7762,                0.83019,                0.64377,                0.78872,                0.87133,                 1.1019,              0.0015491,              0.0015491,              0.0015491
                     17,                0.80791,                 0.8883,                 1.1353,                0.79788,                0.77583,                0.82467,                 0.6397,                0.77848,                0.83036,                  1.103,              0.0015413,              0.0015413,              0.0015413
                     18,                0.79506,                0.88976,                 1.1168,                0.77035,                0.75611,                 0.8411,                0.65507,                0.74055,                 0.8972,                  1.081,              0.0015334,              0.0015334,              0.0015334
                     19,                0.77962,                0.89498,                 1.1081,                0.71029,                0.75644,                0.79414,                0.61792,                0.79541,                 0.9625,                 1.1095,              0.0015255,              0.0015255,              0.0015255
                     20,                0.77404,                0.86724,                 1.1085,                0.74315,                0.73574,                0.79049,                0.60605,                0.74664,                0.92785,                 1.0865,              0.0015177,              0.0015177,              0.0015177
                     21,                0.76707,                0.87433,                 1.1032,                0.78924,                0.76509,                 0.8254,                0.66002,                0.73616,                0.83111,                 1.0849,              0.0015098,              0.0015098,              0.0015098
                     22,                0.75077,                0.83866,                 1.0776,                0.79788,                0.80009,                0.84807,                0.67423,                0.73788,                0.81354,                 1.0801,               0.001502,               0.001502,               0.001502
                     23,                0.74726,                0.83721,                 1.0806,                0.81284,                0.75133,                0.84793,                0.67777,                0.72218,                0.83459,                  1.046,              0.0014941,              0.0014941,              0.0014941
                     24,                0.73174,                0.81487,                 1.0817,                0.80637,                0.78102,                0.84929,                0.67266,                0.73052,                 0.8283,                 1.0615,              0.0014862,              0.0014862,              0.0014862
                     25,                0.71799,                0.79063,                 1.0743,                 0.8201,                0.81276,                0.87787,                0.71639,                0.67667,                0.72415,                 1.0415,              0.0014784,              0.0014784,              0.0014784
                     26,                0.72567,                0.80409,                 1.0869,                0.83964,                0.82462,                0.87878,                 0.7079,                0.68747,                0.76098,                 1.0285,              0.0014705,              0.0014705,              0.0014705
                     27,                0.72933,                0.79099,                 1.0926,                0.84171,                0.80537,                0.87383,                0.69129,                0.73345,                0.73869,                 1.0625,              0.0014627,              0.0014627,              0.0014627
                     28,                0.70933,                0.75595,                 1.0733,                0.84551,                0.83432,                0.88083,                0.72147,                0.65783,                0.68684,                 1.0269,              0.0014548,              0.0014548,              0.0014548
                     29,                0.70403,                0.74336,                 1.0579,                0.83793,                0.81574,                0.88465,                0.73127,                0.66972,                0.73238,                 1.0353,               0.001447,               0.001447,               0.001447
                     30,                0.71262,                0.77425,                 1.0795,                0.82345,                0.82652,                0.87969,                0.72242,                0.65703,                 0.7197,                 1.0008,              0.0014391,              0.0014391,              0.0014391
                     31,                 0.6928,                0.74865,                 1.0601,                0.83072,                0.80005,                0.87401,                0.70818,                 0.6778,                 0.7533,                 1.0182,              0.0014312,              0.0014312,              0.0014312
                     32,                0.71358,                0.76279,                 1.0634,                0.84644,                0.79405,                0.86193,                0.70745,                0.67066,                0.76653,                 1.0199,              0.0014234,              0.0014234,              0.0014234
                     33,                0.69683,                0.74237,                 1.0693,                0.84901,                0.82667,                0.88674,                0.72978,                0.67001,                0.71117,                 1.0278,              0.0014155,              0.0014155,              0.0014155
                     34,                0.68015,                0.73628,                 1.0506,                0.85737,                0.83077,                0.90711,                0.74815,                0.65723,                0.65672,                  1.022,              0.0014077,              0.0014077,              0.0014077
                     35,                0.68612,                0.71544,                 1.0495,                0.81131,                0.84852,                0.88629,                0.73672,                0.63076,                0.70252,                0.99376,              0.0013998,              0.0013998,              0.0013998
                     36,                0.66296,                0.70981,                 1.0491,                0.84803,                0.85088,                0.90117,                0.75434,                0.62658,                0.64106,                 0.9863,              0.0013919,              0.0013919,              0.0013919
                     37,                 0.6708,                0.71292,                 1.0423,                0.84567,                0.80434,                0.88788,                0.73953,                 0.6347,                0.68304,                 1.0062,              0.0013841,              0.0013841,              0.0013841
                     38,                0.67249,                0.72016,                 1.0575,                0.84084,                 0.8554,                 0.8996,                0.75354,                0.61873,                0.63394,                0.98677,              0.0013762,              0.0013762,              0.0013762
                     39,                0.65575,                0.68484,                 1.0301,                0.84199,                0.86419,                0.90323,                0.75908,                0.61688,                0.64534,                  0.987,              0.0013684,              0.0013684,              0.0013684
                     40,                 0.6508,                0.68885,                 1.0414,                0.85666,                0.83775,                 0.8948,                0.75735,                0.60762,                0.65155,                0.98786,              0.0013605,              0.0013605,              0.0013605
                     41,                0.66783,                0.69506,                  1.038,                0.85297,                0.82238,                0.89929,                0.75069,                0.61377,                0.64744,                0.99324,              0.0013527,              0.0013527,              0.0013527
                     42,                 0.6498,                0.65453,                 1.0306,                 0.8519,                0.82037,                0.88742,                0.73358,                0.63025,                0.69165,                0.98614,              0.0013448,              0.0013448,              0.0013448
                     43,                0.65108,                0.67473,                 1.0341,                0.85093,                0.82348,                0.89516,                0.74265,                0.62434,                0.64564,                 1.0049,              0.0013369,              0.0013369,              0.0013369
                     44,                0.63792,                0.66209,                 1.0332,                0.84974,                0.85178,                0.89617,                0.76099,                0.59463,                0.63837,                0.97139,              0.0013291,              0.0013291,              0.0013291
                     45,                0.62378,                0.64125,                 1.0277,                0.84753,                0.81547,                 0.8779,                0.73902,                0.61547,                0.68728,                  1.016,              0.0013212,              0.0013212,              0.0013212
                     46,                0.60677,                0.62192,                 1.0043,                0.84715,                0.82373,                0.89543,                0.75077,                0.62239,                0.65424,                0.98892,              0.0013134,              0.0013134,              0.0013134
                     47,                0.62699,                0.63426,                 1.0327,                0.82289,                0.85528,                0.88198,                0.74703,                0.59679,                0.68376,                0.98468,              0.0013055,              0.0013055,              0.0013055
                     48,                0.63764,                0.64335,                 1.0314,                0.84926,                0.84639,                0.89142,                0.73305,                0.62037,                0.66058,                0.99152,              0.0012976,              0.0012976,              0.0012976
                     49,                0.62636,                0.62557,                 1.0206,                0.87081,                0.83164,                0.89767,                0.75339,                0.59513,                0.65163,                0.97646,              0.0012898,              0.0012898,              0.0012898
                     50,                0.63555,                0.64324,                 1.0312,                0.86707,                0.79491,                0.88315,                0.73533,                0.61521,                 0.6773,                 1.0036,              0.0012819,              0.0012819,              0.0012819
                     51,                0.61548,                0.62287,                  1.012,                0.89965,                0.82898,                0.91488,                0.77259,                0.59345,                0.61588,                0.98608,              0.0012741,              0.0012741,              0.0012741
                     52,                0.62127,                0.62924,                 1.0169,                0.87333,                0.84534,                0.90478,                0.76476,                0.59605,                0.63985,                0.98922,              0.0012662,              0.0012662,              0.0012662
                     53,                 0.6177,                0.60647,                 1.0059,                0.87557,                0.84891,                 0.9009,                  0.767,                0.59196,                0.62258,                0.97453,              0.0012583,              0.0012583,              0.0012583
                     54,                0.62251,                0.60786,                 1.0156,                0.86336,                0.84986,                0.89922,                0.76562,                0.59561,                0.63393,                0.98762,              0.0012505,              0.0012505,              0.0012505
                     55,                 0.6172,                0.62229,                 1.0173,                 0.8661,                0.87256,                0.90065,                0.76903,                0.59007,                 0.6264,                0.98332,              0.0012426,              0.0012426,              0.0012426
                     56,                0.61785,                0.60864,                 1.0103,                0.87833,                 0.8257,                0.90233,                0.77035,                0.57529,                0.62334,                 0.9627,              0.0012348,              0.0012348,              0.0012348
                     57,                0.60229,                 0.5959,                 1.0097,                  0.847,                0.85678,                 0.8956,                0.77691,                0.57137,                0.62193,                0.95937,              0.0012269,              0.0012269,              0.0012269
                     58,                0.59962,                0.58907,                 1.0053,                0.85405,                0.86733,                0.91081,                0.78259,                0.56291,                0.61259,                0.95537,              0.0012191,              0.0012191,              0.0012191
                     59,                0.58514,                0.58306,                0.99901,                 0.8821,                0.84433,                0.90529,                0.78466,                0.55169,                0.60321,                0.94737,              0.0012112,              0.0012112,              0.0012112
                     60,                0.58333,                0.58773,                0.99926,                0.86321,                0.83322,                0.90304,                 0.7738,                0.56455,                0.61512,                0.96243,              0.0012033,              0.0012033,              0.0012033
                     61,                0.59048,                0.57671,                 1.0019,                0.84985,                0.88118,                0.90993,                0.77678,                0.59583,                0.60853,                0.97791,              0.0011955,              0.0011955,              0.0011955
                     62,                0.59508,                0.57324,                  1.003,                0.84224,                  0.877,                0.90979,                0.78212,                0.56217,                0.59627,                0.95469,              0.0011876,              0.0011876,              0.0011876
                     63,                0.58619,                0.56698,                 1.0013,                0.87489,                0.85714,                0.91707,                0.78447,                0.56434,                0.58977,                0.95841,              0.0011798,              0.0011798,              0.0011798
                     64,                0.58424,                0.56269,                0.99274,                0.86883,                0.85019,                0.91161,                0.78965,                0.56349,                 0.5867,                0.95868,              0.0011719,              0.0011719,              0.0011719
                     65,                0.56715,                0.55017,                0.98907,                0.82699,                0.90253,                0.90863,                0.78621,                 0.5575,                0.59424,                0.95353,               0.001164,               0.001164,               0.001164
                     66,                0.57126,                0.55995,                0.99264,                0.86875,                0.85037,                0.91042,                 0.7792,                0.56799,                0.61272,                0.97415,              0.0011562,              0.0011562,              0.0011562
                     67,                0.56135,                0.55608,                0.99062,                0.85586,                0.85838,                0.90503,                0.78464,                0.54922,                0.60982,                0.96042,              0.0011483,              0.0011483,              0.0011483
                     68,                0.57828,                0.55714,                 1.0047,                0.84248,                0.84617,                0.89327,                0.75749,                0.59576,                0.63142,                0.98449,              0.0011405,              0.0011405,              0.0011405
                     69,                0.58323,                0.57158,                0.99952,                0.84655,                0.87322,                0.91369,                0.79454,                0.54797,                0.58806,                0.94779,              0.0011326,              0.0011326,              0.0011326
                     70,                0.57339,                0.54757,                 0.9906,                0.86609,                0.85784,                0.91059,                0.77878,                0.56459,                0.58822,                0.97263,              0.0011247,              0.0011247,              0.0011247
                     71,                 0.5745,                0.55063,                0.99814,                0.87156,                0.84006,                0.90222,                0.77786,                0.57683,                0.61626,                0.97813,              0.0011169,              0.0011169,              0.0011169
                     72,                0.56743,                0.57251,                 0.9935,                0.88851,                0.83713,                0.90744,                0.78075,                  0.575,                0.59946,                0.97338,               0.001109,               0.001109,               0.001109
                     73,                0.56927,                0.55628,                 1.0049,                0.86915,                0.85498,                0.90127,                0.77815,                0.55131,                0.59091,                0.96077,              0.0011012,              0.0011012,              0.0011012
                     74,                0.56294,                0.53974,                0.98626,                0.86387,                0.85342,                0.90989,                0.78124,                0.56347,                0.58782,                0.95587,              0.0010933,              0.0010933,              0.0010933
                     75,                0.55051,                0.53368,                0.99383,                0.87671,                0.86591,                0.91221,                0.78804,                0.54829,                0.57329,                0.95683,              0.0010855,              0.0010855,              0.0010855
                     76,                0.56352,                0.54735,                0.98981,                0.84778,                0.88277,                0.91495,                0.79286,                0.54902,                0.57783,                0.95681,              0.0010776,              0.0010776,              0.0010776
                     77,                0.56525,                0.53492,                 1.0008,                0.85886,                0.87403,                0.91813,                0.79166,                0.55125,                0.58821,                0.95502,              0.0010697,              0.0010697,              0.0010697
                     78,                0.56088,                0.52549,                0.99656,                0.88332,                0.88422,                0.92315,                 0.7994,                0.55493,                0.56385,                0.94943,              0.0010619,              0.0010619,              0.0010619
                     79,                0.55126,                0.51581,                0.98811,                0.87477,                0.84009,                0.91304,                0.78528,                0.54736,                0.59556,                0.95668,               0.001054,               0.001054,               0.001054
                     80,                0.54462,                0.51619,                 0.9875,                  0.876,                0.86584,                0.91646,                0.79211,                0.54963,                0.56918,                 0.9653,              0.0010462,              0.0010462,              0.0010462
                     81,                0.54427,                0.50912,                0.98184,                 0.8913,                 0.8525,                0.91859,                0.79713,                0.56112,                0.55897,                0.95453,              0.0010383,              0.0010383,              0.0010383
                     82,                0.54627,                0.50468,                0.98007,                0.87565,                0.85038,                0.91022,                0.79043,                0.53378,                0.60623,                0.93817,              0.0010304,              0.0010304,              0.0010304
                     83,                0.54314,                0.52513,                0.97048,                 0.8616,                  0.879,                0.90298,                   0.79,                0.53059,                0.59246,                0.94225,              0.0010226,              0.0010226,              0.0010226
                     84,                0.52648,                0.50275,                0.96556,                0.85584,                0.88569,                0.91804,                0.79983,                0.53573,                0.56681,                0.95005,              0.0010147,              0.0010147,              0.0010147
                     85,                0.54182,                 0.5214,                0.99042,                0.83292,                0.87895,                0.90586,                 0.7834,                 0.5581,                0.58273,                0.96163,              0.0010069,              0.0010069,              0.0010069
                     86,                0.52559,                0.49648,                0.96763,                0.85792,                0.87837,                0.91135,                0.78543,                0.55857,                0.57588,                0.95686,             0.00099901,             0.00099901,             0.00099901
                     87,                0.53435,                0.51165,                 0.9821,                 0.8585,                0.88589,                 0.9129,                0.79939,                0.54898,                0.57283,                0.96026,             0.00099115,             0.00099115,             0.00099115
                     88,                0.52783,                0.48306,                0.96595,                0.88936,                0.87642,                0.91585,                0.81007,                0.51619,                0.55568,                0.93358,             0.00098329,             0.00098329,             0.00098329
                     89,                0.52046,                0.49891,                0.96365,                0.85516,                 0.9182,                0.92558,                0.81365,                0.50412,                0.55202,                 0.9257,             0.00097543,             0.00097543,             0.00097543
                     90,                0.51775,                0.49524,                0.96617,                0.86792,                0.87741,                0.91718,                0.80736,                0.52377,                0.56679,                0.93811,             0.00096757,             0.00096757,             0.00096757
                     91,                0.51923,                0.49022,                0.96872,                0.84425,                0.90151,                0.91386,                0.80346,                0.52115,                0.55244,                0.93799,             0.00095972,             0.00095972,             0.00095972
                     92,                 0.5225,                0.48028,                 0.9733,                0.86094,                0.89874,                0.92103,                0.80316,                0.52977,                0.55531,                  0.945,             0.00095186,             0.00095186,             0.00095186
                     93,                0.52544,                0.49035,                0.97927,                0.86014,                0.88855,                0.91456,                0.80477,                0.53487,                0.58766,                 0.9412,               0.000944,               0.000944,               0.000944
                     94,                0.51589,                 0.4909,                0.96275,                0.86364,                0.88805,                0.91789,                0.80393,                0.52864,                0.56785,                0.94308,             0.00093614,             0.00093614,             0.00093614
                     95,                0.51364,                0.48293,                0.95879,                0.87327,                0.89291,                0.91897,                0.80594,                0.52676,                0.55899,                0.93625,             0.00092828,             0.00092828,             0.00092828
                     96,                0.49903,                0.48274,                 0.9473,                0.89103,                 0.8809,                0.92698,                0.81585,                0.51769,                0.52738,                0.93464,             0.00092042,             0.00092042,             0.00092042
                     97,                0.50815,                0.47198,                0.95511,                0.89762,                0.88154,                0.92496,                0.81911,                0.51224,                0.53239,                0.93118,             0.00091256,             0.00091256,             0.00091256
                     98,                0.50661,                0.46392,                0.95504,                0.87875,                0.88783,                0.91838,                0.81291,                0.50801,                0.53128,                0.93185,              0.0009047,              0.0009047,              0.0009047
                     99,                0.50041,                0.46273,                0.96146,                0.87444,                0.88449,                0.91548,                0.80176,                0.53091,                0.56887,                0.93782,             0.00089685,             0.00089685,             0.00089685
                    100,                0.51218,                 0.4753,                0.95552,                0.87685,                0.88175,                0.91198,                0.81037,                0.50735,                0.56616,                0.93276,             0.00088899,             0.00088899,             0.00088899
                    101,                0.52283,                0.46972,                0.97711,                0.85907,                0.88035,                0.91654,                0.80626,                0.53028,                0.56884,                0.94042,             0.00088113,             0.00088113,             0.00088113
                    102,                0.49569,                 0.4636,                0.95419,                0.86481,                0.88329,                0.91575,                0.80582,                0.51591,                0.55934,                0.94486,             0.00087327,             0.00087327,             0.00087327
                    103,                0.50127,                0.44809,                0.95436,                 0.9049,                0.86625,                0.91633,                 0.8103,                0.50948,                 0.5633,                0.92912,             0.00086541,             0.00086541,             0.00086541
                    104,                0.51049,                0.46731,                0.96246,                0.86775,                0.90748,                0.92643,                 0.8159,                0.51832,                0.53167,                0.92956,             0.00085755,             0.00085755,             0.00085755
                    105,                0.49484,                0.46448,                0.95335,                0.88285,                0.87718,                 0.9181,                 0.8131,                0.50205,                0.54187,                0.92624,             0.00084969,             0.00084969,             0.00084969
                    106,                0.49079,                0.44865,                0.94715,                0.84047,                0.90641,                0.91732,                0.80993,                0.50889,                0.56686,                0.92756,             0.00084184,             0.00084184,             0.00084184
                    107,                 0.4976,                 0.4552,                0.96471,                0.85097,                0.90126,                0.91611,                0.80572,                0.51766,                0.57318,                0.94022,             0.00083398,             0.00083398,             0.00083398
                    108,                0.49662,                0.45911,                0.95321,                 0.8956,                0.87332,                0.91441,                0.79936,                0.53354,                0.56051,                 0.9428,             0.00082612,             0.00082612,             0.00082612
                    109,                0.48853,                0.43934,                0.95389,                 0.8664,                0.88917,                0.91411,                0.81255,                 0.5098,                0.55895,                0.93109,             0.00081826,             0.00081826,             0.00081826
                    110,                0.49332,                0.45651,                 0.9516,                 0.8838,                0.86863,                0.92099,                0.81985,                0.50133,                0.55589,                0.92791,              0.0008104,              0.0008104,              0.0008104
                    111,                 0.4964,                0.45538,                0.95879,                0.87654,                0.89197,                0.92598,                0.82645,                0.49208,                0.53918,                0.92414,             0.00080254,             0.00080254,             0.00080254
                    112,                0.48327,                 0.4549,                0.94664,                 0.8927,                0.85887,                0.92084,                0.82049,                0.49839,                0.54188,                0.92074,             0.00079468,             0.00079468,             0.00079468
                    113,                0.48247,                0.43201,                0.94442,                0.88249,                 0.8706,                0.91854,                0.81458,                0.49566,                0.55235,                0.92255,             0.00078682,             0.00078682,             0.00078682
                    114,                 0.4862,                0.44307,                0.94366,                0.88785,                0.86686,                0.92035,                0.80648,                0.51088,                0.55031,                0.93203,             0.00077897,             0.00077897,             0.00077897
                    115,                0.48607,                0.43719,                0.95249,                0.89401,                0.87754,                0.92573,                0.82436,                0.49299,                0.53249,                0.92408,             0.00077111,             0.00077111,             0.00077111
                    116,                0.48443,                0.44177,                 0.9554,                 0.8785,                0.88549,                0.92351,                0.81903,                0.49838,                0.54199,                0.92988,             0.00076325,             0.00076325,             0.00076325
                    117,                0.47922,                0.42508,                0.95483,                0.86036,                0.88951,                0.92241,                0.82408,                0.49831,                0.54542,                0.92116,             0.00075539,             0.00075539,             0.00075539
                    118,                0.47373,                0.42789,                0.93983,                0.87893,                 0.8833,                0.92626,                0.82283,                0.48598,                0.54595,                 0.9199,             0.00074753,             0.00074753,             0.00074753
                    119,                0.48136,                0.42738,                0.95341,                0.87261,                0.90547,                0.92598,                0.82722,                0.48258,                0.52262,                0.91783,             0.00073967,             0.00073967,             0.00073967
                    120,                0.46714,                0.41863,                0.94325,                0.89394,                0.87278,                0.92064,                0.81895,                0.49129,                0.53518,                0.92557,             0.00073181,             0.00073181,             0.00073181
                    121,                0.48059,                0.43137,                0.96429,                0.87481,                0.88921,                 0.9183,                0.81855,                0.50412,                 0.5377,                0.92829,             0.00072395,             0.00072395,             0.00072395
                    122,                0.46625,                0.41043,                0.93143,                0.87089,                 0.8935,                0.92353,                0.82401,                0.49237,                0.53282,                0.92481,              0.0007161,              0.0007161,              0.0007161
                    123,                0.46827,                0.41916,                0.94723,                 0.8909,                0.87595,                0.92909,                0.82942,                0.47748,                0.52144,                0.91748,             0.00070824,             0.00070824,             0.00070824
                    124,                0.46541,                0.42359,                0.94417,                0.87692,                0.89985,                0.92886,                0.82583,                0.49569,                0.51602,                0.92217,             0.00070038,             0.00070038,             0.00070038
                    125,                0.45865,                0.41721,                0.93533,                0.86054,                0.90951,                0.92684,                0.82152,                0.49586,                0.52812,                0.93039,             0.00069252,             0.00069252,             0.00069252
                    126,                0.45417,                0.41822,                0.93682,                0.87563,                0.88553,                0.91997,                0.82372,                0.48726,                0.52927,                0.93067,             0.00068466,             0.00068466,             0.00068466
                    127,                0.46054,                0.40801,                0.94194,                0.87597,                0.91965,                0.92964,                0.83142,                0.49046,                0.51757,                0.92179,              0.0006768,              0.0006768,              0.0006768
                    128,                0.45312,                0.40939,                0.93899,                0.89888,                0.87392,                0.92423,                0.82048,                0.48929,                0.52123,                0.92666,             0.00066894,             0.00066894,             0.00066894
                    129,                0.45405,                0.40104,                0.94061,                0.89554,                0.86243,                0.91892,                0.81695,                0.50018,                0.55095,                0.92945,             0.00066108,             0.00066108,             0.00066108
                    130,                0.46113,                0.40885,                0.93672,                0.91364,                0.85935,                0.92259,                0.82231,                0.49231,                0.54605,                0.93084,             0.00065323,             0.00065323,             0.00065323
                    131,                0.47029,                0.41661,                0.94096,                0.90272,                0.87411,                0.92595,                0.82392,                0.48667,                0.54361,                 0.9199,             0.00064537,             0.00064537,             0.00064537
                    132,                0.45309,                0.40422,                0.94039,                0.90422,                0.88241,                0.93002,                0.82883,                0.48884,                0.52203,                0.92057,             0.00063751,             0.00063751,             0.00063751
                    133,                0.44709,                0.39269,                0.92785,                 0.8913,                0.88819,                0.92594,                0.82753,                0.47957,                0.51597,                0.91805,             0.00062965,             0.00062965,             0.00062965
                    134,                 0.4434,                 0.4025,                0.93511,                0.86869,                0.90446,                0.93117,                 0.8259,                0.49835,                0.52308,                 0.9286,             0.00062179,             0.00062179,             0.00062179
                    135,                0.45319,                0.39727,                 0.9307,                0.91445,                0.86991,                0.92828,                0.82848,                0.49499,                0.53505,                0.92366,             0.00061393,             0.00061393,             0.00061393
                    136,                0.44479,                0.40231,                0.93095,                0.88852,                0.88588,                0.93205,                0.83633,                 0.4807,                0.51137,                0.92312,             0.00060607,             0.00060607,             0.00060607
                    137,                0.44237,                0.39851,                0.92973,                0.86067,                0.89195,                0.92534,                0.82935,                0.48386,                0.54062,                0.92282,             0.00059821,             0.00059821,             0.00059821
                    138,                0.44982,                0.40157,                0.92993,                0.89846,                0.85593,                0.92382,                0.82049,                0.48529,                0.52659,                0.92951,             0.00059036,             0.00059036,             0.00059036
                    139,                0.44507,                0.39677,                0.93026,                0.88825,                 0.8895,                 0.9281,                0.83339,                0.47862,                 0.5193,                0.91834,              0.0005825,              0.0005825,              0.0005825
                    140,                0.43868,                0.38305,                0.93491,                0.90737,                 0.8561,                0.92483,                0.82504,                0.48729,                0.54606,                0.92253,             0.00057464,             0.00057464,             0.00057464
                    141,                0.43149,                0.37216,                0.91819,                 0.8974,                0.88496,                0.92274,                0.83253,                0.47845,                0.53426,                0.91672,             0.00056678,             0.00056678,             0.00056678
                    142,                0.44102,                0.38875,                0.92927,                 0.8883,                0.88191,                0.92359,                0.83464,                0.46968,                0.54058,                0.90938,             0.00055892,             0.00055892,             0.00055892
                    143,                0.44121,                0.38946,                 0.9288,                0.88618,                0.88339,                0.92679,                 0.8343,                0.48364,                0.52689,                0.92704,             0.00055106,             0.00055106,             0.00055106
                    144,                 0.4401,                0.39907,                0.92221,                  0.896,                0.87837,                0.92579,                0.82752,                0.47711,                0.53263,                0.92236,              0.0005432,              0.0005432,              0.0005432
                    145,                0.43523,                0.37692,                0.92905,                 0.8727,                0.90043,                0.92201,                0.82421,                0.47937,                0.52622,                0.92377,             0.00053535,             0.00053535,             0.00053535
                    146,                0.43143,                 0.3886,                0.92367,                0.87624,                0.86863,                0.92175,                0.82937,                 0.4828,                0.55577,                0.91775,             0.00052749,             0.00052749,             0.00052749
                    147,                0.42972,                0.37538,                0.91715,                0.88553,                0.88069,                0.92485,                0.83816,                0.46128,                0.52968,                0.90591,             0.00051963,             0.00051963,             0.00051963
                    148,                0.43688,                0.38157,                0.93304,                0.89102,                0.87561,                0.92511,                0.83203,                0.47145,                0.53363,                0.91291,             0.00051177,             0.00051177,             0.00051177
                    149,                0.42348,                0.36847,                0.92294,                0.90697,                0.87221,                0.92967,                0.83827,                 0.4601,                0.51534,                0.90591,             0.00050391,             0.00050391,             0.00050391
                    150,                 0.4185,                0.36885,                0.91542,                0.89304,                0.88418,                0.92396,                 0.8354,                 0.4636,                0.54379,                0.90607,             0.00049605,             0.00049605,             0.00049605
                    151,                0.43846,                0.36845,                0.92871,                0.88485,                 0.8773,                0.92462,                0.83594,                0.46698,                 0.5484,                0.90519,             0.00048819,             0.00048819,             0.00048819
                    152,                0.42301,                0.36381,                0.91944,                0.88542,                0.89246,                0.92697,                0.83686,                0.46642,                0.53221,                0.90507,             0.00048033,             0.00048033,             0.00048033
                    153,                0.42834,                0.37554,                0.92251,                0.87793,                0.89282,                0.92531,                0.83592,                0.46907,                0.53386,                0.91238,             0.00047248,             0.00047248,             0.00047248
                    154,                0.42709,                0.36771,                0.92355,                0.89003,                 0.8897,                0.92513,                 0.8395,                 0.4682,                0.53503,                0.91331,             0.00046462,             0.00046462,             0.00046462
                    155,                0.42452,                0.36416,                 0.9306,                0.88559,                0.89303,                 0.9238,                0.83251,                0.46359,                0.53106,                0.90903,             0.00045676,             0.00045676,             0.00045676
                    156,                0.41895,                0.35785,                0.91771,                0.89804,                0.88169,                0.92977,                0.83534,                0.47371,                0.52284,                0.91109,              0.0004489,              0.0004489,              0.0004489
                    157,                0.41538,                0.35856,                 0.9159,                0.87123,                0.91171,                0.92542,                0.82946,                0.48293,                0.53649,                0.91451,             0.00044104,             0.00044104,             0.00044104
                    158,                0.42919,                0.36561,                0.92657,                0.88047,                0.90278,                0.92078,                0.82225,                0.48196,                0.54857,                 0.9128,             0.00043318,             0.00043318,             0.00043318
                    159,                0.40561,                0.35349,                0.90992,                0.89625,                0.89686,                0.92734,                0.83007,                0.47228,                 0.5196,                0.91039,             0.00042532,             0.00042532,             0.00042532
                    160,                0.41076,                0.35797,                0.91658,                0.89363,                0.90317,                0.93014,                0.83913,                0.45425,                0.49292,                0.90408,             0.00041746,             0.00041746,             0.00041746
                    161,                0.42398,                0.36403,                0.92785,                0.89873,                0.89374,                0.93264,                0.84418,                0.46787,                0.50461,                0.91232,             0.00040961,             0.00040961,             0.00040961
                    162,                0.40273,                0.34712,                0.91737,                0.87833,                0.90146,                0.92842,                0.84116,                0.46583,                0.52663,                0.91428,             0.00040175,             0.00040175,             0.00040175
                    163,                 0.4107,                0.34901,                0.91801,                0.88311,                0.89457,                0.92745,                0.83859,                0.46268,                0.53597,                0.91376,             0.00039389,             0.00039389,             0.00039389
                    164,                0.39847,                0.33916,                0.90796,                0.89012,                0.89406,                0.92648,                0.83497,                0.46846,                0.53374,                0.91536,             0.00038603,             0.00038603,             0.00038603
                    165,                0.39629,                0.33874,                0.90483,                0.89078,                 0.9003,                0.92359,                0.83229,                0.46497,                0.52125,                0.91685,             0.00037817,             0.00037817,             0.00037817
                    166,                0.39777,                 0.3486,                0.90755,                0.90944,                0.88061,                0.92786,                0.83738,                0.46936,                0.53251,                0.91987,             0.00037031,             0.00037031,             0.00037031
                    167,                0.40009,                0.34479,                0.91373,                0.88306,                0.90043,                0.92622,                0.83101,                0.47119,                0.53369,                0.92197,             0.00036245,             0.00036245,             0.00036245
                    168,                0.39198,                0.34519,                0.91253,                0.89829,                0.88084,                0.92721,                0.83561,                0.47403,                0.54249,                0.92701,             0.00035459,             0.00035459,             0.00035459
                    169,                0.38737,                0.34143,                0.90454,                0.88805,                0.87753,                 0.9206,                0.83545,                0.45834,                0.53424,                0.91289,             0.00034674,             0.00034674,             0.00034674
                    170,                0.39425,                0.34042,                0.91789,                0.87663,                 0.8917,                0.92207,                0.83376,                0.45907,                0.53988,                0.91184,             0.00033888,             0.00033888,             0.00033888
                    171,                0.39386,                0.35039,                0.90559,                0.86486,                0.90914,                0.92586,                0.84036,                 0.4603,                0.54444,                0.91135,             0.00033102,             0.00033102,             0.00033102
                    172,                0.39505,                0.33129,                0.90368,                0.89007,                0.89004,                0.92255,                0.83669,                0.46112,                0.55115,                 0.9137,             0.00032316,             0.00032316,             0.00032316
                    173,                0.38564,                0.33299,                0.90924,                0.88642,                0.89976,                0.92504,                0.84189,                0.45448,                0.53515,                0.91045,              0.0003153,              0.0003153,              0.0003153
                    174,                0.38116,                0.32953,                0.90651,                0.89011,                0.88834,                0.92409,                0.83691,                0.46249,                0.54241,                0.91734,             0.00030744,             0.00030744,             0.00030744
                    175,                0.39018,                0.33779,                 0.9121,                0.87783,                 0.8913,                0.92528,                0.84131,                0.45248,                0.52529,                0.91249,             0.00029958,             0.00029958,             0.00029958
                    176,                 0.3883,                 0.3331,                0.90876,                0.88707,                0.88647,                 0.9192,                0.83578,                0.46309,                 0.5419,                0.90887,             0.00029172,             0.00029172,             0.00029172
                    177,                0.38528,                0.33149,                0.91331,                0.87775,                0.89745,                0.92215,                0.84022,                 0.4564,                0.53533,                0.90733,             0.00028387,             0.00028387,             0.00028387
                    178,                0.37608,                0.31919,                0.89342,                  0.894,                0.88399,                0.92287,                0.83761,                0.45289,                0.52646,                0.90633,             0.00027601,             0.00027601,             0.00027601
                    179,                0.36594,                0.32434,                0.89494,                0.89379,                0.88418,                0.91936,                0.83458,                0.45036,                0.53106,                0.90716,             0.00026815,             0.00026815,             0.00026815
                    180,                0.38733,                0.33393,                0.90402,                0.89227,                0.89389,                0.92361,                0.84249,                0.44775,                0.51204,                0.90595,             0.00026029,             0.00026029,             0.00026029
                    181,                0.37427,                0.32051,                0.90358,                0.90322,                0.88393,                0.91852,                0.83365,                 0.4597,                0.52783,                0.91498,             0.00025243,             0.00025243,             0.00025243
                    182,                0.38113,                0.31723,                0.90748,                0.89136,                0.88467,                0.92436,                0.84208,                0.45354,                0.53138,                0.90984,             0.00024457,             0.00024457,             0.00024457
                    183,                0.37366,                0.32402,                 0.8968,                0.89293,                0.88802,                0.92743,                0.84412,                 0.4567,                0.52859,                  0.907,             0.00023671,             0.00023671,             0.00023671
                    184,                0.36514,                0.31594,                0.89328,                0.89544,                0.89634,                0.92744,                0.84319,                0.45984,                0.52224,                0.90593,             0.00022886,             0.00022886,             0.00022886
                    185,                0.37302,                0.31151,                0.90022,                0.88777,                0.90282,                0.92559,                0.84371,                0.45374,                0.52288,                0.90823,               0.000221,               0.000221,               0.000221
                    186,                0.36997,                0.31636,                0.90588,                0.89278,                0.89336,                0.92512,                0.83993,                0.44999,                0.52889,                0.90478,             0.00021314,             0.00021314,             0.00021314
                    187,                0.36767,                0.31242,                0.89843,                0.89719,                0.88251,                  0.924,                0.84033,                0.44926,                0.53153,                0.90104,             0.00020528,             0.00020528,             0.00020528
                    188,                 0.3739,                0.31717,                  0.897,                0.89835,                 0.8785,                0.92719,                0.84675,                0.45164,                0.53033,                 0.9014,             0.00019742,             0.00019742,             0.00019742
                    189,                0.37027,                0.31626,                  0.902,                0.89428,                 0.8943,                0.92794,                0.84561,                0.45109,                0.53219,                 0.9009,             0.00018956,             0.00018956,             0.00018956
                    190,                 0.3752,                0.31704,                0.90597,                0.88691,                0.89675,                0.93037,                0.84711,                0.44877,                0.51814,                0.90078,              0.0001817,              0.0001817,              0.0001817
                    191,                0.37207,                0.31789,                0.90534,                0.89263,                0.88597,                 0.9236,                0.84155,                0.45049,                0.54592,                0.90289,             0.00017384,             0.00017384,             0.00017384
                    192,                0.37186,                0.31304,                0.90351,                0.90014,                0.88441,                0.92504,                0.84288,                0.45256,                0.54842,                0.90522,             0.00016599,             0.00016599,             0.00016599
                    193,                0.35918,                0.30346,                0.88989,                0.89506,                0.88946,                0.92713,                0.84068,                0.45412,                0.55054,                0.90943,             0.00015813,             0.00015813,             0.00015813
                    194,                0.36025,                0.30445,                0.89454,                0.88344,                0.88821,                 0.9246,                0.84392,                0.45001,                0.54536,                0.90496,             0.00015027,             0.00015027,             0.00015027
                    195,                 0.3478,                0.29712,                0.88647,                0.90407,                0.87225,                0.92424,                0.84288,                0.45002,                0.54526,                0.90533,             0.00014241,             0.00014241,             0.00014241
                    196,                0.35436,                0.29642,                0.89005,                0.89067,                0.88443,                0.92412,                0.84175,                0.45261,                0.54494,                0.90665,             0.00013455,             0.00013455,             0.00013455
                    197,                 0.3533,                  0.295,                0.89554,                0.87336,                0.89892,                0.92235,                0.84254,                 0.4497,                0.55027,                0.90544,             0.00012669,             0.00012669,             0.00012669
                    198,                0.35953,                0.30476,                0.89513,                0.89027,                0.87885,                0.92088,                0.83796,                0.45475,                0.55543,                0.91042,             0.00011883,             0.00011883,             0.00011883
                    199,                0.36361,                0.30543,                0.89314,                 0.8954,                0.88229,                0.91955,                0.83676,                0.45609,                 0.5602,                0.90886,             0.00011097,             0.00011097,             0.00011097
                    200,                0.35805,                0.29878,                0.89403,                0.88935,                 0.8836,                0.92068,                0.83951,                0.45053,                 0.5474,                0.90445,             0.00010312,             0.00010312,             0.00010312
                    201,                0.30292,                0.25012,                0.84858,                0.89253,                0.87404,                0.91698,                0.82838,                0.45826,                0.55542,                0.90865,             9.5257e-05,             9.5257e-05,             9.5257e-05
                    202,                0.28396,                0.22941,                0.82791,                0.87523,                0.88825,                 0.9183,                 0.8309,                0.45958,                0.55949,                0.91159,             8.7398e-05,             8.7398e-05,             8.7398e-05
                    203,                0.28115,                 0.2234,                0.83052,                0.85665,                0.90701,                0.92096,                0.83277,                0.45976,                0.56331,                0.91109,              7.954e-05,              7.954e-05,              7.954e-05
                    204,                0.27703,                0.21775,                0.82657,                0.85678,                0.91549,                0.92288,                0.83507,                0.46029,                0.55588,                0.91564,             7.1681e-05,             7.1681e-05,             7.1681e-05
                    205,                  0.277,                0.21847,                0.83403,                 0.8854,                0.88626,                0.92446,                0.83795,                0.45694,                0.54637,                0.91122,             6.3822e-05,             6.3822e-05,             6.3822e-05
                    206,                0.27491,                0.22112,                0.83132,                0.88435,                0.88302,                0.92419,                0.84068,                0.45321,                0.55089,                0.90844,             5.5964e-05,             5.5964e-05,             5.5964e-05
                    207,                0.28082,                 0.2168,                0.83927,                0.88246,                0.88946,                0.92328,                0.83937,                0.45046,                0.55385,                0.90588,             4.8105e-05,             4.8105e-05,             4.8105e-05
                    208,                0.27734,                0.21718,                0.83064,                0.88466,                0.88902,                0.92403,                0.84063,                0.44957,                 0.5487,                0.90624,             4.0246e-05,             4.0246e-05,             4.0246e-05
                    209,                0.27751,                 0.2117,                0.83297,                0.88381,                0.88847,                0.92401,                0.84063,                0.44948,                0.54763,                0.90724,             3.2387e-05,             3.2387e-05,             3.2387e-05
                    210,                 0.2758,                0.21577,                0.83268,                0.87777,                0.89454,                0.92425,                0.84189,                0.44943,                0.55075,                0.90605,             2.4529e-05,             2.4529e-05,             2.4529e-05
